Relation ID,Relation Type,From Entity ID,From Entity Name,To Entity ID,To Entity Name
"ShMqGP7rNAcarbZVGxQN6p","Jfmby78N4BCseZinBmdVov","5KkCXkKdjJnsbq9JgC65Li","5KkCXkKdjJnsbq9JgC65Li","GscJ2GELQjmLoaVrYyR3xm","GscJ2GELQjmLoaVrYyR3xm"
"E3fHQXDXGd6D8JY5RanQi6","Jfmby78N4BCseZinBmdVov","5KkCXkKdjJnsbq9JgC65Li","5KkCXkKdjJnsbq9JgC65Li","VdTsW1mGiy1XSooJaBBLc4","VdTsW1mGiy1XSooJaBBLc4"
"4gpKVb5jkMVfLGx446CBgZ","WQfdWjboZWFuTseDhG5Cw1","5KkCXkKdjJnsbq9JgC65Li","5KkCXkKdjJnsbq9JgC65Li","LckSTmjBrYAJaFcDs89am5","LckSTmjBrYAJaFcDs89am5"
"Pp3VWvU34Ro2cQcEvZG5tZ","Jfmby78N4BCseZinBmdVov","C45iL5oVLrCtEHNypT4e7f","C45iL5oVLrCtEHNypT4e7f","GscJ2GELQjmLoaVrYyR3xm","GscJ2GELQjmLoaVrYyR3xm"
"VsdsP2ACgjme6MDCXwuFaj","Jfmby78N4BCseZinBmdVov","C45iL5oVLrCtEHNypT4e7f","C45iL5oVLrCtEHNypT4e7f","VdTsW1mGiy1XSooJaBBLc4","VdTsW1mGiy1XSooJaBBLc4"
"W1WzvBKtoAfZp8Kmgh7Ws6","WQfdWjboZWFuTseDhG5Cw1","C45iL5oVLrCtEHNypT4e7f","C45iL5oVLrCtEHNypT4e7f","LckSTmjBrYAJaFcDs89am5","LckSTmjBrYAJaFcDs89am5"
"AcEf1PoZTpKqDf7ZqpMvQt","Jfmby78N4BCseZinBmdVov","Rs57M7xJzY7DTZGZnQTLoR","Rs57M7xJzY7DTZGZnQTLoR","GscJ2GELQjmLoaVrYyR3xm","GscJ2GELQjmLoaVrYyR3xm"
"FdfUaJUeuuDBN6fg3WH6Z3","Jfmby78N4BCseZinBmdVov","Rs57M7xJzY7DTZGZnQTLoR","Rs57M7xJzY7DTZGZnQTLoR","VdTsW1mGiy1XSooJaBBLc4","VdTsW1mGiy1XSooJaBBLc4"
"Vb8SuE6dm3EQtZ3kXyipcr","WQfdWjboZWFuTseDhG5Cw1","Rs57M7xJzY7DTZGZnQTLoR","Rs57M7xJzY7DTZGZnQTLoR","LckSTmjBrYAJaFcDs89am5","LckSTmjBrYAJaFcDs89am5"
"9nX8P8Cma1WcxndXxrfHFw","Jfmby78N4BCseZinBmdVov","3pbdpqkPqX2TgBJFayysAb","3pbdpqkPqX2TgBJFayysAb","GscJ2GELQjmLoaVrYyR3xm","GscJ2GELQjmLoaVrYyR3xm"
"Dhdc1m8tYvvmfyTgE4bicv","Jfmby78N4BCseZinBmdVov","3pbdpqkPqX2TgBJFayysAb","3pbdpqkPqX2TgBJFayysAb","VdTsW1mGiy1XSooJaBBLc4","VdTsW1mGiy1XSooJaBBLc4"
"7Q5MFmoDdGe6mpbAQaKZNB","WQfdWjboZWFuTseDhG5Cw1","3pbdpqkPqX2TgBJFayysAb","3pbdpqkPqX2TgBJFayysAb","LckSTmjBrYAJaFcDs89am5","LckSTmjBrYAJaFcDs89am5"
"LHbqt5W8BwVHSSme8JiGKo","Jfmby78N4BCseZinBmdVov","XAwPgVdgEW2docWS9LgeCD","XAwPgVdgEW2docWS9LgeCD","VdTsW1mGiy1XSooJaBBLc4","VdTsW1mGiy1XSooJaBBLc4"
"UgrYdW5aepH88aUT3Yr6BN","GscJ2GELQjmLoaVrYyR3xm","XAwPgVdgEW2docWS9LgeCD","XAwPgVdgEW2docWS9LgeCD","5KkCXkKdjJnsbq9JgC65Li","5KkCXkKdjJnsbq9JgC65Li"
"PgMRyWJ4N3QPvGq4tZFdkq","GscJ2GELQjmLoaVrYyR3xm","XAwPgVdgEW2docWS9LgeCD","XAwPgVdgEW2docWS9LgeCD","C45iL5oVLrCtEHNypT4e7f","C45iL5oVLrCtEHNypT4e7f"
"Gz7UFdhHzCuhZtcVknEjSS","GscJ2GELQjmLoaVrYyR3xm","XAwPgVdgEW2docWS9LgeCD","XAwPgVdgEW2docWS9LgeCD","Rs57M7xJzY7DTZGZnQTLoR","Rs57M7xJzY7DTZGZnQTLoR"
"T84MKePirDuMHzXfKEYPKU","GscJ2GELQjmLoaVrYyR3xm","XAwPgVdgEW2docWS9LgeCD","XAwPgVdgEW2docWS9LgeCD","3pbdpqkPqX2TgBJFayysAb","3pbdpqkPqX2TgBJFayysAb"
"WeH3cLuonqECABwacRS6hL","Jfmby78N4BCseZinBmdVov","PZQKkodWQTZ3rT2wDM8tYr","Type","VdTsW1mGiy1XSooJaBBLc4","VdTsW1mGiy1XSooJaBBLc4"
"YQHwGL8N2qY8wURVT3qXXG","Jfmby78N4BCseZinBmdVov","FTPrQaBHqwp9GtCN1HWHLQ","Status FTPrQaBHqwp9GtCN1HWHLQ","VdTsW1mGiy1XSooJaBBLc4","VdTsW1mGiy1XSooJaBBLc4"
"LaX18imQH8TBKs1ZvhkFxf","Jfmby78N4BCseZinBmdVov","BcJctDve9YqAQo4xg1PcuY","Record Type BcJctDve9YqAQo4xg1PcuY","VdTsW1mGiy1XSooJaBBLc4","VdTsW1mGiy1XSooJaBBLc4"
"2gZFhU57eaG4wXdhcLMCiR","Jfmby78N4BCseZinBmdVov","CwafV3xAkxZAXbixruhuck","Status CwafV3xAkxZAXbixruhuck","VdTsW1mGiy1XSooJaBBLc4","VdTsW1mGiy1XSooJaBBLc4"
"Pvfzd1DBnvvQZTTNVpHBqr","Jfmby78N4BCseZinBmdVov","WJWfwXVv82ZNomkBJgEAXN","Record Type WJWfwXVv82ZNomkBJgEAXN","PZQKkodWQTZ3rT2wDM8tYr","Type"
"MATRHPAZiA8gX6Q7578EER","Jfmby78N4BCseZinBmdVov","Ru1ni1xBN6JwYcomEQSfVF","Record Type Ru1ni1xBN6JwYcomEQSfVF","PZQKkodWQTZ3rT2wDM8tYr","Type"
"RKPAgasX23DkFoqbWPYrM9","Jfmby78N4BCseZinBmdVov","Q5J1t9jeNJ7e4wx5cYutJ5","Record Type Q5J1t9jeNJ7e4wx5cYutJ5","PZQKkodWQTZ3rT2wDM8tYr","Type"
"Vwjwt4XZsqUdJJekMSZHHg","Jfmby78N4BCseZinBmdVov","8weDS1pBNPuU471a9bopUx","Record Type 8weDS1pBNPuU471a9bopUx","PZQKkodWQTZ3rT2wDM8tYr","Type"
"5GPiaU94LvaKrKx2fvUizk","Jfmby78N4BCseZinBmdVov","7yZzXj2VM9Fg2ZJSj1dxn6","Record Type 7yZzXj2VM9Fg2ZJSj1dxn6","PZQKkodWQTZ3rT2wDM8tYr","Type"
"G38ufwaBzLbMa2RGNZLMo1","Jfmby78N4BCseZinBmdVov","F48g7BBR2NrPcaoTr7pKJo","Record Type F48g7BBR2NrPcaoTr7pKJo","PZQKkodWQTZ3rT2wDM8tYr","Type"
"76ewaNzgv7iUy8bZ7ET2ps","Jfmby78N4BCseZinBmdVov","V2CG2Ap3FafoXX1GvxpuhC","Record Type V2CG2Ap3FafoXX1GvxpuhC","PZQKkodWQTZ3rT2wDM8tYr","Type"
"MRG9HottYffW2FACeYCJdQ","Jfmby78N4BCseZinBmdVov","TrbTyCwww7mxV7V5ZCv48v","Status TrbTyCwww7mxV7V5ZCv48v","FTPrQaBHqwp9GtCN1HWHLQ","Status FTPrQaBHqwp9GtCN1HWHLQ"
"SmLmvnkf4axFBrNiNzr14T","Jfmby78N4BCseZinBmdVov","4DRWmnannepX9iHUHTG2s6","Status 4DRWmnannepX9iHUHTG2s6","FTPrQaBHqwp9GtCN1HWHLQ","Status FTPrQaBHqwp9GtCN1HWHLQ"
"3ybW3LNitqX4xTi1hozb2v","Jfmby78N4BCseZinBmdVov","BSWt87BvR1XmpYibZDqFyM","Status BSWt87BvR1XmpYibZDqFyM","FTPrQaBHqwp9GtCN1HWHLQ","Status FTPrQaBHqwp9GtCN1HWHLQ"
"5a7sAMHkzT1ijYk9LXAwZN","Jfmby78N4BCseZinBmdVov","WNhSEPKdRXnEj6B1m41asS","Status WNhSEPKdRXnEj6B1m41asS","FTPrQaBHqwp9GtCN1HWHLQ","Status FTPrQaBHqwp9GtCN1HWHLQ"
"2Uo7tFGP8L5CyRNMh2xPdA","Jfmby78N4BCseZinBmdVov","VPVR4yC1fnmufhdDVgKyDo","Status VPVR4yC1fnmufhdDVgKyDo","FTPrQaBHqwp9GtCN1HWHLQ","Status FTPrQaBHqwp9GtCN1HWHLQ"
"KkD23KrcVaxo3DTptDtdwp","Jfmby78N4BCseZinBmdVov","RUHmk85M4tprUKSpM2SyAB","Status RUHmk85M4tprUKSpM2SyAB","FTPrQaBHqwp9GtCN1HWHLQ","Status FTPrQaBHqwp9GtCN1HWHLQ"
"Q84iAwCV8RdARQGPUw4wMJ","Jfmby78N4BCseZinBmdVov","X99wMeRABuBPevsR5bxZZ2","Status X99wMeRABuBPevsR5bxZZ2","FTPrQaBHqwp9GtCN1HWHLQ","Status FTPrQaBHqwp9GtCN1HWHLQ"
"B2wcJmqCMXUh5jFC4MQevK","Jfmby78N4BCseZinBmdVov","Uso7LbkJsGDA7xkDGKfHeP","Status Uso7LbkJsGDA7xkDGKfHeP","FTPrQaBHqwp9GtCN1HWHLQ","Status FTPrQaBHqwp9GtCN1HWHLQ"
"L7zmWKwbdM9pWXDPHC6WFU","Jfmby78N4BCseZinBmdVov","XnGJYNyPe58tdpNpzpGvhS","XnGJYNyPe58tdpNpzpGvhS","XAwPgVdgEW2docWS9LgeCD","XAwPgVdgEW2docWS9LgeCD"
"5RgqVPKihpm6BD1ABxQtgg","BcJctDve9YqAQo4xg1PcuY","XnGJYNyPe58tdpNpzpGvhS","XnGJYNyPe58tdpNpzpGvhS","WJWfwXVv82ZNomkBJgEAXN","Record Type WJWfwXVv82ZNomkBJgEAXN"
"46LeNupJzNd7xzYCsJGwto","CwafV3xAkxZAXbixruhuck","XnGJYNyPe58tdpNpzpGvhS","XnGJYNyPe58tdpNpzpGvhS","TrbTyCwww7mxV7V5ZCv48v","Status TrbTyCwww7mxV7V5ZCv48v"
"BNLHQkKe26a3m4w32Wo8sw","Jfmby78N4BCseZinBmdVov","CNFQhRqkQ4y6qKgh41aDUf","CNFQhRqkQ4y6qKgh41aDUf","XAwPgVdgEW2docWS9LgeCD","XAwPgVdgEW2docWS9LgeCD"
"Bew4kCyFVk2Q4swYHz5Pif","BcJctDve9YqAQo4xg1PcuY","CNFQhRqkQ4y6qKgh41aDUf","CNFQhRqkQ4y6qKgh41aDUf","Ru1ni1xBN6JwYcomEQSfVF","Record Type Ru1ni1xBN6JwYcomEQSfVF"
"La4fJ545gt1D2e2CKqGMpF","CwafV3xAkxZAXbixruhuck","CNFQhRqkQ4y6qKgh41aDUf","CNFQhRqkQ4y6qKgh41aDUf","4DRWmnannepX9iHUHTG2s6","Status 4DRWmnannepX9iHUHTG2s6"
"T6Zrfcg3MtwUbrHnZWJXFx","Jfmby78N4BCseZinBmdVov","EPKvc6L9LSsdkBoqGxXNoE","EPKvc6L9LSsdkBoqGxXNoE","XAwPgVdgEW2docWS9LgeCD","XAwPgVdgEW2docWS9LgeCD"
"QTWKqicZYNYrM6uwb6Esd5","BcJctDve9YqAQo4xg1PcuY","EPKvc6L9LSsdkBoqGxXNoE","EPKvc6L9LSsdkBoqGxXNoE","Q5J1t9jeNJ7e4wx5cYutJ5","Record Type Q5J1t9jeNJ7e4wx5cYutJ5"
"RDYfdyWw55fuT62iY6pwHQ","CwafV3xAkxZAXbixruhuck","EPKvc6L9LSsdkBoqGxXNoE","EPKvc6L9LSsdkBoqGxXNoE","BSWt87BvR1XmpYibZDqFyM","Status BSWt87BvR1XmpYibZDqFyM"
"XSbRK1zMnGj8KJqhbDKJc4","Jfmby78N4BCseZinBmdVov","GtR1pZoeVLwfk3yzUUf8Nd","GtR1pZoeVLwfk3yzUUf8Nd","XAwPgVdgEW2docWS9LgeCD","XAwPgVdgEW2docWS9LgeCD"
"4vmQTGmrGr4fkxfDKpVti7","BcJctDve9YqAQo4xg1PcuY","GtR1pZoeVLwfk3yzUUf8Nd","GtR1pZoeVLwfk3yzUUf8Nd","Q5J1t9jeNJ7e4wx5cYutJ5","Record Type Q5J1t9jeNJ7e4wx5cYutJ5"
"VNjCRcyNJjKb5tupCYHYTL","CwafV3xAkxZAXbixruhuck","GtR1pZoeVLwfk3yzUUf8Nd","GtR1pZoeVLwfk3yzUUf8Nd","WNhSEPKdRXnEj6B1m41asS","Status WNhSEPKdRXnEj6B1m41asS"
"XSCm96URh8d9ngAM5AZUM5","Jfmby78N4BCseZinBmdVov","2a8LcShLYDirpfpF6GYrtr","2a8LcShLYDirpfpF6GYrtr","XAwPgVdgEW2docWS9LgeCD","XAwPgVdgEW2docWS9LgeCD"
"LzenesnAw4GaTRoV5QKkFM","BcJctDve9YqAQo4xg1PcuY","2a8LcShLYDirpfpF6GYrtr","2a8LcShLYDirpfpF6GYrtr","Q5J1t9jeNJ7e4wx5cYutJ5","Record Type Q5J1t9jeNJ7e4wx5cYutJ5"
"7Y2Ca9c23NgqQYYtSpiQH1","CwafV3xAkxZAXbixruhuck","2a8LcShLYDirpfpF6GYrtr","2a8LcShLYDirpfpF6GYrtr","BSWt87BvR1XmpYibZDqFyM","Status BSWt87BvR1XmpYibZDqFyM"
"MWDro9bZFQQCbL1TQVe3kj","Jfmby78N4BCseZinBmdVov","HBoCbGP9DMz6znJurj82D8","HBoCbGP9DMz6znJurj82D8","XAwPgVdgEW2docWS9LgeCD","XAwPgVdgEW2docWS9LgeCD"
"3FoW4NbgGsGsoUsVAWguoz","BcJctDve9YqAQo4xg1PcuY","HBoCbGP9DMz6znJurj82D8","HBoCbGP9DMz6znJurj82D8","8weDS1pBNPuU471a9bopUx","Record Type 8weDS1pBNPuU471a9bopUx"
"E5Bw28wqn8K8xEXp7aicYY","CwafV3xAkxZAXbixruhuck","HBoCbGP9DMz6znJurj82D8","HBoCbGP9DMz6znJurj82D8","TrbTyCwww7mxV7V5ZCv48v","Status TrbTyCwww7mxV7V5ZCv48v"
"3BvGYL448kwrevVdmuP8cQ","Jfmby78N4BCseZinBmdVov","Jp6ScUUMxxikTKksxVX4nG","Jp6ScUUMxxikTKksxVX4nG","XAwPgVdgEW2docWS9LgeCD","XAwPgVdgEW2docWS9LgeCD"
"Jqh7maxfvZ2dyMQksGZ3LC","BcJctDve9YqAQo4xg1PcuY","Jp6ScUUMxxikTKksxVX4nG","Jp6ScUUMxxikTKksxVX4nG","7yZzXj2VM9Fg2ZJSj1dxn6","Record Type 7yZzXj2VM9Fg2ZJSj1dxn6"
"8b8sn2Qcv6SN2HzaCWSM7V","CwafV3xAkxZAXbixruhuck","Jp6ScUUMxxikTKksxVX4nG","Jp6ScUUMxxikTKksxVX4nG","VPVR4yC1fnmufhdDVgKyDo","Status VPVR4yC1fnmufhdDVgKyDo"
"UbGYujnRzPsi3WaV13ctfF","Jfmby78N4BCseZinBmdVov","GLfA5SvRG8wC45c3JQNMQ4","GLfA5SvRG8wC45c3JQNMQ4","XAwPgVdgEW2docWS9LgeCD","XAwPgVdgEW2docWS9LgeCD"
"XpH7A9Zv3KDAnBazz5yuDS","BcJctDve9YqAQo4xg1PcuY","GLfA5SvRG8wC45c3JQNMQ4","GLfA5SvRG8wC45c3JQNMQ4","F48g7BBR2NrPcaoTr7pKJo","Record Type F48g7BBR2NrPcaoTr7pKJo"
"Vmt3CpTX1aKegm4EkGjjAJ","CwafV3xAkxZAXbixruhuck","GLfA5SvRG8wC45c3JQNMQ4","GLfA5SvRG8wC45c3JQNMQ4","RUHmk85M4tprUKSpM2SyAB","Status RUHmk85M4tprUKSpM2SyAB"
"UW17eqxKmDqJraPxXMj23c","Jfmby78N4BCseZinBmdVov","4c1YLFUGcwBmoYc3VYytJd","4c1YLFUGcwBmoYc3VYytJd","XAwPgVdgEW2docWS9LgeCD","XAwPgVdgEW2docWS9LgeCD"
"5C9Bgk6yiyK633eURfkFAx","BcJctDve9YqAQo4xg1PcuY","4c1YLFUGcwBmoYc3VYytJd","4c1YLFUGcwBmoYc3VYytJd","V2CG2Ap3FafoXX1GvxpuhC","Record Type V2CG2Ap3FafoXX1GvxpuhC"
"UvuFgZ1HuewrwtcjjTgvW5","CwafV3xAkxZAXbixruhuck","4c1YLFUGcwBmoYc3VYytJd","4c1YLFUGcwBmoYc3VYytJd","TrbTyCwww7mxV7V5ZCv48v","Status TrbTyCwww7mxV7V5ZCv48v"
"NngymBn6GZ3q1jiCYwHXGA","Jfmby78N4BCseZinBmdVov","Sn34ptzpguRRcCqnkd1Ki2","Sn34ptzpguRRcCqnkd1Ki2","XAwPgVdgEW2docWS9LgeCD","XAwPgVdgEW2docWS9LgeCD"
"Tj3eNjKKipLggGMmvryv3i","BcJctDve9YqAQo4xg1PcuY","Sn34ptzpguRRcCqnkd1Ki2","Sn34ptzpguRRcCqnkd1Ki2","Q5J1t9jeNJ7e4wx5cYutJ5","Record Type Q5J1t9jeNJ7e4wx5cYutJ5"
"VbnPW35zBodbvtBEGA8Sq5","CwafV3xAkxZAXbixruhuck","Sn34ptzpguRRcCqnkd1Ki2","Sn34ptzpguRRcCqnkd1Ki2","X99wMeRABuBPevsR5bxZZ2","Status X99wMeRABuBPevsR5bxZZ2"
"NX9sBzapv3ogG1ciF339Re","Jfmby78N4BCseZinBmdVov","YZqfTxeKysVXg138J2w5ar","YZqfTxeKysVXg138J2w5ar","XAwPgVdgEW2docWS9LgeCD","XAwPgVdgEW2docWS9LgeCD"
"JMXuEwiB7shQsvkVX4GUz1","BcJctDve9YqAQo4xg1PcuY","YZqfTxeKysVXg138J2w5ar","YZqfTxeKysVXg138J2w5ar","F48g7BBR2NrPcaoTr7pKJo","Record Type F48g7BBR2NrPcaoTr7pKJo"
"KGampwvUaNRtMiSQ2oAREe","CwafV3xAkxZAXbixruhuck","YZqfTxeKysVXg138J2w5ar","YZqfTxeKysVXg138J2w5ar","Uso7LbkJsGDA7xkDGKfHeP","Status Uso7LbkJsGDA7xkDGKfHeP"
